{"model":{"version":2,"nodes":[{"name":"RootNode","position":[0,0,0],"rotation":[0,0,0],"scale":[1,1,1]},{"name":"Cube","position":[0,0,0],"rotation":[-90,0,0],"scale":[1,1,1]}],"parents":[-1,0],"skins":[],"vertices":[{"position":{"type":"float32","components":3,"data":[-0.05185,0.051869,-0.062399,-0.030917,0.030917,-0.189666,-0.063793,0,-0.062399,-0.034505,0,-0.189666,0.05185,0.051869,-0.062399,0.030917,0.030917,-0.189666,0,0.063902,-0.062399,0,0.034583,-0.189666,0.05185,-0.051869,-0.062399,0.030917,-0.030917,-0.189666,0.063793,0,-0.062399,0.034505,0,-0.189666,-0.05185,-0.051869,-0.062399,-0.030917,-0.030917,-0.189666,0,-0.063902,-0.062399,0,-0.034583,-0.189666,0.034505,0,-0.189666,0,0,-0.189666,0.030917,0.030917,-0.189666,0,0.034583,-0.189666,-0.012541,0.012541,0.188208,0,0,0.188208,0,0.014028,0.188208,-0.013997,0,0.188208,-0.026722,0.026732,0.128421,-0.01989,0.019895,0.069902,-0.032858,0,0.128421,-0.023803,0,0.069902,0.026722,0.026732,0.128421,0.01989,0.019895,0.069902,0,0.032914,0.128421,0,0.023847,0.069902,0.026722,-0.026732,0.128421,0.01989,-0.019895,0.069902,0.032858,0,0.128421,0.023803,0,0.069902,-0.026722,-0.026732,0.128421,-0.01989,-0.019895,0.069902,0,-0.032914,0.128421,0,-0.023847,0.069902,-0.031219,0.031231,0.012414,-0.063793,0,-0.062399,-0.038334,0,0.012414,-0.05185,0.051869,-0.062399,0.031219,0.031231,0.012414,0,0.063902,-0.062399,0,0.038399,0.012414,0.05185,0.051869,-0.062399,0.031219,-0.031231,0.012414,0.063793,0,-0.062399,0.038334,0,0.012414,0.05185,-0.051869,-0.062399,-0.031219,-0.031231,0.012414,0,-0.063902,-0.062399,0,-0.038399,0.012414,-0.05185,-0.051869,-0.062399,-0.01989,0.019895,0.069902,-0.038334,0,0.012414,-0.023803,0,0.069902,-0.031219,0.031231,0.012414,0.01989,0.019895,0.069902,0,0.038399,0.012414,0,0.023847,0.069902,0.031219,0.031231,0.012414,0.01989,-0.019895,0.069902,0.038334,0,0.012414,0.023803,0,0.069902,0.031219,-0.031231,0.012414,-0.01989,-0.019895,0.069902,0,-0.038399,0.012414,0,-0.023847,0.069902,-0.031219,-0.031231,0.012414,-0.024907,0.024917,0.168494,-0.032858,0,0.128421,-0.030646,0,0.168494,-0.026722,0.026732,0.128421,0.024907,0.024917,0.168494,0,0.032914,0.128421,0,0.030698,0.168494,0.026722,0.026732,0.128421,0.024907,-0.024917,0.168494,0.032858,0,0.128421,0.030646,0,0.168494,0.026722,-0.026732,0.128421,-0.024907,-0.024917,0.168494,0,-0.032914,0.128421,0,-0.030698,0.168494,-0.026722,-0.026732,0.128421,-0.012541,0.012541,0.188208,-0.030646,0,0.168494,-0.013997,0,0.188208,-0.024907,0.024917,0.168494,0.012541,0.012541,0.188208,0,0.030698,0.168494,0,0.014028,0.188208,0.024907,0.024917,0.168494,0.012541,-0.012541,0.188208,0.030646,0,0.168494,0.013997,0,0.188208,0.024907,-0.024917,0.168494,-0.012541,-0.012541,0.188208,0,-0.030698,0.168494,0,-0.014028,0.188208,-0.024907,-0.024917,0.168494,0,0.063902,-0.062399,-0.030917,0.030917,-0.189666,-0.05185,0.051869,-0.062399,0,0.034583,-0.189666,0,-0.063902,-0.062399,0.030917,-0.030917,-0.189666,0.05185,-0.051869,-0.062399,0,-0.034583,-0.189666,-0.030917,0.030917,-0.189666,-0.034505,0,-0.189666,0.012541,0.012541,0.188208,0,0,0.188208,0.013997,0,0.188208,0,0.014028,0.188208,0,0.032914,0.128421,-0.01989,0.019895,0.069902,-0.026722,0.026732,0.128421,0,0.023847,0.069902,0,-0.032914,0.128421,0.01989,-0.019895,0.069902,0.026722,-0.026732,0.128421,0,-0.023847,0.069902,0,0.038399,0.012414,0,0.063902,-0.062399,-0.031219,0.031231,0.012414,-0.05185,0.051869,-0.062399,0,-0.038399,0.012414,0,-0.063902,-0.062399,0.031219,-0.031231,0.012414,0.05185,-0.051869,-0.062399,0,0.023847,0.069902,0,0.038399,0.012414,-0.01989,0.019895,0.069902,-0.031219,0.031231,0.012414,0,-0.023847,0.069902,0,-0.038399,0.012414,0.01989,-0.019895,0.069902,0.031219,-0.031231,0.012414,0,0.030698,0.168494,0,0.032914,0.128421,-0.024907,0.024917,0.168494,-0.026722,0.026732,0.128421,0,-0.030698,0.168494,0,-0.032914,0.128421,0.024907,-0.024917,0.168494,0.026722,-0.026732,0.128421,0,0.014028,0.188208,0,0.030698,0.168494,-0.012541,0.012541,0.188208,-0.024907,0.024917,0.168494,0,-0.014028,0.188208,0,-0.030698,0.168494,0.012541,-0.012541,0.188208,0.024907,-0.024917,0.168494,-0.063793,0,-0.062399,-0.030917,-0.030917,-0.189666,-0.05185,-0.051869,-0.062399,-0.034505,0,-0.189666,0.063793,0,-0.062399,0.030917,0.030917,-0.189666,0.05185,0.051869,-0.062399,0.034505,0,-0.189666,0.030917,-0.030917,-0.189666,0,-0.034583,-0.189666,-0.012541,-0.012541,0.188208,0,-0.014028,0.188208,-0.032858,0,0.128421,-0.01989,-0.019895,0.069902,-0.026722,-0.026732,0.128421,-0.023803,0,0.069902,0.032858,0,0.128421,0.01989,0.019895,0.069902,0.026722,0.026732,0.128421,0.023803,0,0.069902,-0.038334,0,0.012414,-0.063793,0,-0.062399,-0.031219,-0.031231,0.012414,-0.05185,-0.051869,-0.062399,0.038334,0,0.012414,0.063793,0,-0.062399,0.031219,0.031231,0.012414,0.05185,0.051869,-0.062399,-0.023803,0,0.069902,-0.038334,0,0.012414,-0.01989,-0.019895,0.069902,-0.031219,-0.031231,0.012414,0.023803,0,0.069902,0.038334,0,0.012414,0.01989,0.019895,0.069902,0.031219,0.031231,0.012414,-0.030646,0,0.168494,-0.032858,0,0.128421,-0.024907,-0.024917,0.168494,-0.026722,-0.026732,0.128421,0.030646,0,0.168494,0.032858,0,0.128421,0.024907,0.024917,0.168494,0.026722,0.026732,0.128421,-0.013997,0,0.188208,-0.030646,0,0.168494,-0.012541,-0.012541,0.188208,-0.024907,-0.024917,0.168494,0.013997,0,0.188208,0.030646,0,0.168494,0.012541,0.012541,0.188208,0.024907,0.024917,0.168494,-0.030917,-0.030917,-0.189666,0.012541,-0.012541,0.188208,0,-0.014028,0.188208]},"normal":{"type":"float32","components":3,