{"model":{"version":2,"nodes":[{"name":"RootNode","position":[0,0,0],"rotation":[0,0,0],"scale":[1,1,1]},{"name":"Cube","position":[0,0.00701527,0],"rotation":[-90,0,0],"scale":[1.04632,1.04632,1.04632]}],"parents":[-1,0],"skins":[],"vertices":[{"position":{"type":"float32","components":3,"data":[-0.057438,0.05746,-0.093858,-0.030917,0.030917,-0.189666,-0.070669,0,-0.093858,-0.034505,0,-0.189666,0.057438,0.05746,-0.093858,0.030917,0.030917,-0.189666,0,0.07079,-0.093858,0,0.034583,-0.189666,0.057438,-0.05746,-0.093858,0.030917,-0.030917,-0.189666,0.070669,0,-0.093858,0.034505,0,-0.189666,-0.057438,-0.05746,-0.093858,-0.030917,-0.030917,-0.189666,0,-0.07079,-0.093858,0,-0.034583,-0.189666,0.034505,0,-0.189666,0,0,-0.189666,0.030917,0.030917,-0.189666,0,0.034583,-0.189666,-0.012541,0.012541,0.177076,0,0,0.177076,0,0.014028,0.177076,-0.013997,0,0.177076,-0.02979,0.029801,0.128421,-0.021656,0.021661,0.069902,-0.03663,0,0.128421,-0.025916,0,0.069902,0.021656,0.021661,0.069902,0,0.036693,0.128421,0.02979,0.029801,0.128421,0,0.025964,0.069902,0.02979,-0.029801,0.128421,0.021656,-0.021661,0.069902,0.03663,0,0.128421,0.025916,0,0.069902,-0.021656,-0.021661,0.069902,0,-0.036693,0.128421,-0.02979,-0.029801,0.128421,0,-0.025964,0.069902,-0.037079,0.037093,0.012414,-0.070669,0,-0.093858,-0.045529,0,0.012414,-0.057438,0.05746,-0.093858,0.037079,0.037093,0.012414,0,0.07079,-0.093858,0,0.045607,0.012414,0.057438,0.05746,-0.093858,0.037079,-0.037093,0.012414,0.070669,0,-0.093858,0.045529,0,0.012414,0.057438,-0.05746,-0.093858,-0.037079,-0.037093,0.012414,0,-0.07079,-0.093858,0,-0.045607,0.012414,-0.057438,-0.05746,-0.093858,-0.021656,0.021661,0.069902,-0.045529,0,0.012414,-0.025916,0,0.069902,-0.037079,0.037093,0.012414,0.021656,0.021661,0.069902,0,0.045607,0.012414,0,0.025964,0.069902,0.037079,0.037093,0.012414,0.021656,-0.021661,0.069902,0.045529,0,0.012414,0.025916,0,0.069902,0.037079,-0.037093,0.012414,-0.021656,-0.021661,0.069902,0,-0.045607,0.012414,0,-0.025964,0.069902,-0.037079,-0.037093,0.012414,-0.027249,0.027259,0.156394,-0.03663,0,0.128421,-0.033527,0,0.156394,-0.02979,0.029801,0.128421,0.027249,0.027259,0.156394,0,0.036693,0.128421,0,0.033584,0.156394,0.02979,0.029801,0.128421,0.027249,-0.027259,0.156394,0.03663,0,0.128421,0.033527,0,0.156394,0.02979,-0.029801,0.128421,-0.027249,-0.027259,0.156394,0,-0.036693,0.128421,0,-0.033584,0.156394,-0.02979,-0.029801,0.128421,-0.012541,0.012541,0.177076,-0.033527,0,0.156394,-0.013997,0,0.177076,-0.027249,0.027259,0.156394,0.012541,0.012541,0.177076,0,0.033584,0.156394,0,0.014028,0.177076,0.027249,0.027259,0.156394,0.012541,-0.012541,0.177076,0.033527,0,0.156394,0.013997,0,0.177076,0.027249,-0.027259,0.156394,-0.012541,-0.012541,0.177076,0,-0.033584,0.156394,0,-0.014028,0.177076,-0.027249,-0.027259,0.156394,0,0.07079,-0.093858,-0.030917,0.030917,-0.189666,-0.057438,0.05746,-0.093858,0,0.034583,-0.189666,0,-0.07079,-0.093858,0.030917,-0.030917,-0.189666,0.057438,-0.05746,-0.093858,0,-0.034583,-0.189666,-0.030917,0.030917,-0.189666,-0.034505,0,-0.189666,0.012541,0.012541,0.177076,0.013997,0,0.177076,0,0.036693,0.128421,-0.021656,0.021661,0.069902,-0.02979,0.029801,0.128421,0,0.025964,0.069902,0,-0.036693,0.128421,0.021656,-0.021661,0.069902,0.02979,-0.029801,0.128421,0,-0.025964,0.069902,0,0.045607,0.012414,0,0.07079,-0.093858,-0.037079,0.037093,0.012414,-0.057438,0.05746,-0.093858,0,-0.045607,0.012414,0,-0.07079,-0.093858,0.037079,-0.037093,0.012414,0.057438,-0.05746,-0.093858,0,0.025964,0.069902,0,0.045607,0.012414,-0.021656,0.021661,0.069902,-0.037079,0.037093,0.012414,0,-0.025964,0.069902,0,-0.045607,0.012414,0.021656,-0.021661,0.069902,0.037079,-0.037093,0.012414,0,0.033584,0.156394,0,0.036693,0.128421,-0.027249,0.027259,0.156394,-0.02979,0.029801,0.128421,0,-0.033584,0.156394,0,-0.036693,0.128421,0.027249,-0.027259,0.156394,0.02979,-0.029801,0.128421,0,0.014028,0.177076,0,0.033584,0.156394,-0.012541,0.012541,0.177076,-0.027249,0.027259,0.156394,0,-0.014028,0.177076,0,-0.033584,0.156394,0.012541,-0.012541,0.177076,0.027249,-0.027259,0.156394,-0.070669,0,-0.093858,-0.030917,-0.030917,-0.189666,-0.057438,-0.05746,-0.093858,-0.034505,0,-0.189666,0.070669,0,-0.093858,0.030917,0.030917,-0.189666,0.057438,0.05746,-0.093858,0.034505,0,-0.189666,0.030917,-0.030917,-0.189666,0,-0.034583,-0.189666,-0.012541,-0.012541,0.177076,0,-0.014028,0.177076,-0.03663,0,0.128421,-0.021656,-0.021661,0.069902,-0.02979,-0.029801,0.128421,-0.025916,0,0.069902,0.03663,0,0.128421,0.021656,0.021661,0.069902,0.02979,0.029801,0.128421,0.025916,0,0.069902,-0.045529,0,0.012414,-0.070669,0,-0.093858,-0.037079,-0.037093,0.012414,-0.057438,-0.05746,-0.093858,0.045529,0,0.012414,0.070669,0,-0.093858,0.037079,0.037093,0.012414,0.057438,0.05746,-0.093858,-0.025916,0,0.069902,-0.045529,0,0.012414,-0.021656,-0.021661,0.069902,-0.037079,-0.037093,0.012414,0.025916,0,0.069902,0.045529,0,0.012414,0.021656,0.021661,0.069902,0.037079,0.037093,0.012414,-0.033527,0,0.156394,-0.03663,0,0.128421,-0.027249,-0.027259,0.156394,-0.02979,-0.029801,0.128421,0.033527,0,0.156394,0.03663,0,0.128421,0.027249,0.027259,0.156394,0.02979,0.029801,0.128421,-0.013997,0,0.177076,-0.033527,0,0.156394,-0.012541,-0.012541,0.177076,-0.027249,-0.027259,0.156394,0.013997,0,0.177076,0.033527,0,0.156394,0.012541,0.012541,0.177076,0.027249,0.027259,0.156394,-0.030917,-0.030917,-0.189666,0.012541,-0.012541,0.177076]},"normal":{"type":"float32","components":3,